id,smishing
340000,7.08525992590743e-87
340001,2.3894356527022176e-35
340002,1.3525190186296718e-50
340003,6.819960381739929e-37
340004,3.127994065593501e-81
340005,1.1476506864278218e-21
340006,2.3185281231220803e-56
340007,1.0193205728638308e-102
340008,3.599479840725285e-29
340009,2.696799518768833e-24
340010,1.0299600369686678e-82
340011,0.01416705681527509
340012,3.871032354422454e-92
340013,1.616115839529924e-36
340014,5.850630699134312e-69
340015,2.83428672043477e-47
340016,1.3185289690392242e-18
340017,3.342090170325508e-44
340018,1.668896181038343e-33
340019,3.0247291061009666e-33
340020,4.679738141083975e-39
340021,7.825895383318325e-31
340022,4.6172891121135116e-45
340023,2.5964767630000135e-94
340024,1.7799507448872727e-20
340025,3.200427923695124e-35
340026,6.508746588505181e-44
340027,1.8233766315184925e-86
340028,4.39074384419101e-96
340029,6.819960381739929e-37
340030,2.059861844585664e-18
340031,1.5238158052393201e-27
340032,0.011328035827597456
340033,1.9916228007385202e-70
340034,7.07141295296504e-51
340035,1.2654470169413376e-85
340036,2.2668296679373468e-92
340037,2.6385629514152866e-48
340038,1.0404784696507216e-38
340039,2.3841801261298147e-52
340040,6.51282992781551e-111
340041,2.889743422538259e-82
340042,0.9997861859792094
340043,1.981538072445612e-67
340044,3.0440346737453695e-12
340045,3.1418821236339284e-13
340046,2.710781535073963e-05
340047,2.1906807898129093e-28
340048,1.541197502525512e-104
340049,4.4483791057179084e-60
340050,8.699570064842197e-57
340051,3.368823800670398e-80
340052,1.0
340053,1.2140212837658111e-87
340054,3.685878979060451e-52
340055,1.5550706879232926e-65
340056,1.0
340057,1.1121252619903252e-26
340058,8.706503760133917e-57
340059,9.216294021072512e-26
340060,0.011328035827597456
340061,1.079354769791685e-43
340062,1.1607098111331408e-64
340063,2.3352534188443253e-69
340064,5.961442616359043e-70
340065,0.9013228870737802
340066,0.0008390539737496522
340067,0.9013228870737802
340068,0.9013228870737802
340069,0.9906374994194852
340070,0.2652505928639173
340071,0.7248487372067944
340072,5.033296481241133e-32
340073,0.0007266817052921239
340074,1.0
340075,0.9999999959179036
340076,3.5787277677369836e-06
340077,1.0
340078,3.834710058973787e-17
340079,0.9999919666355287
340080,1.0
340081,1.0
340082,0.26964972615422456
340083,8.7647946197054e-28
340084,2.042771890978197e-17
340085,2.8996093922829717e-31
340086,1.0
340087,0.0001699560438356039
340088,1.183661970540282e-17
340089,1.183661970540282e-17
340090,7.725953328986382e-42
340091,7.725953328986382e-42
340092,1.0
340093,1.188368558477299e-27
340094,0.9013228870737802
340095,1.0
340096,4.342329948308247e-05
340097,1.2441938093965423e-95
340098,3.839740690690615e-58
340099,7.825895383318325e-31
340100,9.500300673368045e-111
340101,6.449841401812828e-62
340102,1.2789970283564023e-80
340103,2.7384660337560996e-101
340104,3.113646059158622e-07
340105,2.503100673481203e-21
340106,0.9999999990247943
340107,0.9999999990247943
340108,6.895056199061908e-67
340109,1.8549188178882776e-22
340110,0.903388987283633
340111,9.481232353571963e-54
340112,1.6866292260603853e-15
340113,1.2109233156676436e-91
340114,3.428960979371708e-80
340115,8.397238061578968e-39
340116,9.3717478104107e-24
340117,1.0
340118,6.453272913482379e-34
340119,0.9999999784757565
340120,0.7339317789024747
340121,2.3542725670903364e-59
340122,3.996935501602197e-31
340123,3.996935501602197e-31
340124,0.0007266817052921239
340125,0.47350580763403816
340126,2.0578512028392412e-33
340127,1.1872171801852594e-36
340128,2.2606228473570534e-52
340129,7.625927438373191e-83
340130,6.801519190140081e-76
340131,8.472364187872903e-76
340132,8.531146905371787e-81
340133,3.9711740048008265e-52
340134,7.269007097028179e-39
340135,1.7100121528153678e-31
340136,3.5413386133962765e-53
340137,3.5413386133962765e-53
340138,3.717411887649169e-31
340139,6.26932351211786e-62
340140,2.1733519421463364e-20
340141,1.7644540601929383e-52
340142,1.5704890249942612e-62
340143,6.429321675424586e-42
340144,7.883880448165863e-85
340145,4.0004718884080214e-22
340146,2.0220531851310537e-37
340147,1.6714244767133936e-68
340148,1.1398957177090739e-82
340149,5.359388798672905e-33
340150,4.64999767677259e-51
340151,1.869440958369246e-33
340152,1.3334722478535354e-115
340153,4.807385467765214e-22
340154,1.1116966745195094e-93
340155,1.283274040298949e-121
340156,4.3401280080503047e-41
340157,6.265533663640349e-60
340158,3.084207999405356e-42
340159,2.0427462507139232e-25
340160,1.4359530012150434e-101
340161,4.9433828352630825e-70
340162,7.332799329025662e-33
340163,7.332799329025662e-33
340164,7.332799329025662e-33
340165,8.824314441947173e-33
340166,3.3172320544112343e-34
340167,5.3244174079340796e-145
340168,2.0186776877463524e-32
340169,2.0186776877463524e-32
340170,7.780335552384062e-70
340171,1.8641770370961395e-35
340172,1.8641770370961395e-35
340173,1.1601222002869342e-51
340174,2.3824737865274388e-101
340175,1.2083070846335378e-30
340176,2.3084867349449594e-44
340177,2.488270558542593e-46
340178,8.041615224177965e-32
340179,4.8108578540197084e-20
340180,3.4612503957102107e-38
340181,1.0194351526159007e-100
340182,1.4223558592342527e-110
340183,1.0717205377136657e-56
340184,1.8299203402954028e-48
340185,4.8697634480474315e-52
340186,1.3924805106408036e-70
340187,1.8578431170117003e-42
340188,1.0671994466910377e-29
340189,9.616466058984555e-39
340190,1.070276539252035e-31
340191,3.305673732558781e-35
340192,2.4810944217952324e-26
340193,7.7901663999888455e-56
340194,5.492042634916992e-40
340195,6.574316383619294e-73
340196,5.913417108882229e-38
340197,0.6125861417841965
340198,1.8655071642875516e-12
340199,6.3131565610507e-53
340200,3.70090711064526e-41
340201,3.584826168196986e-31
340202,6.513494266967019e-52
340203,1.496237234870394e-74
340204,6.1038126663677306e-83
340205,2.362127644621765e-75
340206,4.508311764496473e-115
340207,1.8438400225744256e-46
340208,2.0789716075320933e-35
340209,5.459444340784722e-41
340210,1.8605693978018547e-29
340211,8.612295189525824e-67
340212,1.057714626900374e-43
340213,1.057714626900374e-43
340214,1.057714626900374e-43
340215,1.585453444349403e-14
340216,2.8686111266186052e-71
340217,1.0
340218,7.275537491188949e-57
340219,6.85646293287961e-38
340220,2.3590341671182488e-29
340221,2.3590341671182488e-29
340222,2.71475418404082e-49
340223,8.777140294678703e-30
340224,7.450794400321981e-32
340225,7.456997976516219e-07
340226,1.923966172859299e-31
340227,5.522296113460004e-48
340228,1.9719906289524065e-58
340229,5.0840027339870657e-11
340230,2.9527632008557454e-64
340231,6.721210856964166e-51
340232,1.9557978633323433e-29
340233,1.5753993383731462e-74
340234,4.126784995283798e-20
340235,1.0092550841101074e-60
340236,1.5084360949221874e-35
340237,2.831576981301939e-80
340238,9.237981102146273e-65
340239,4.678170168068165e-50
340240,1.6625030758504287e-90
340241,0.002842027392464995
340242,7.269007097028179e-39
340243,8.8992359323706e-30
340244,3.335104267471815e-32
340245,2.092775199996562e-69
340246,2.1759952016192534e-88
340247,1.6985756781272168e-89
340248,5.719131483444209e-32
340249,2.508576795676797e-25
340250,6.709331590216565e-26
340251,0.008501787977761922
340252,4.985732839841752e-46
340253,2.8127798391418394e-59
340254,1.2078141664899734e-55
340255,9.375207033872525e-15
340256,4.813820755444922e-81
340257,1.0
340258,2.569590482568441e-48
340259,2.6953939078829776e-12
340260,1.0
340261,1.0
340262,1.1640160925608747e-59
340263,2.6897302709876173e-24
340264,1.7304461243951405e-67
340265,1.0581672561805958e-25
340266,1.0
340267,0.9998377706426608
340268,6.706988976176258e-15
340269,1.0
340270,6.706988976176258e-15
340271,6.706988976176258e-15
340272,1.52991027860988e-20
340273,6.706988976176258e-15
340274,0.9999322884233751
340275,1.0
340276,1.0
340277,2.403061789022534e-16
340278,0.9999490806856146
340279,1.52991027860988e-20
340280,0.998780422623486
340281,2.7740043729916873e-06
340282,1.0
340283,4.709944736113882e-81
340284,1.0
340285,1.0
340286,0.9999999999322426
340287,0.00037388166675399496
340288,0.9999994972151411
340289,7.874248275095455e-16
340290,1.653541387493198e-07
340291,1.1292833235089809e-18
340292,1.0
340293,5.275565681824036e-30
340294,1.0
340295,2.2662813002348736e-05
340296,7.607496253668947e-18
340297,1.0
340298,1.0
340299,3.3371815527995164e-23
340300,2.643199634320333e-19
340301,2.643199634320333e-19
340302,5.65353395736405e-26
340303,1.823225724530822e-54
340304,1.823225724530822e-54
340305,4.3567347833767035e-43
340306,2.7216699396599023e-70
340307,4.614301991744671e-35
340308,3.191435923095005e-42
340309,1.7702695659806422e-22
340310,1.6515163300955346e-79
340311,1.9154475857701516e-78
340312,6.354944357481128e-40
340313,2.4728465478295557e-24
340314,5.500060068247145e-138
340315,9.605333076730283e-93
340316,2.602306784902212e-81
340317,3.898280133370879e-13
340318,8.484608414647148e-29
340319,1.4961100538074301e-36
340320,1.0
340321,1.0
340322,1.0265317896441319e-150
340323,1.992187546866061e-15
340324,4.741405423978064e-35
340325,7.465876746461e-26
340326,3.90260979583064e-35
340327,1.6714244767133936e-68
340328,1.771712273942293e-16
340329,1.4962539959558754e-43
340330,1.835941592110022e-30
340331,2.8338463721303977e-58
340332,1.1393268676127125e-57
340333,3.2968632444454966e-27
340334,2.1887900649489228e-33
340335,9.311260695087214e-24
340336,1.1960677797214064e-109
340337,2.685869915465366e-88
340338,3.0892404492414674e-34
340339,6.703825004851825e-39
340340,1.806575275155366e-32
340341,2.447689177073503e-42
340342,2.6418332524493564e-90
340343,6.452891634648726e-17
340344,1.277841461980375e-58
340345,1.0
340346,1.1393268676127125e-57
340347,1.466352876437078e-35
340348,4.528180447944774e-83
340349,1.7573753678659343e-46
340350,1.4128678159555405e-88
340351,4.13771275921791e-28
340352,8.94464382670192e-34
340353,9.777814168942133e-55
340354,9.637968341456978e-100
340355,6.549219376267245e-46
340356,4.5420529826190503e-57
340357,0.9999999755978027
340358,5.2285927199500474e-12
340359,3.8507107145351614e-58
340360,3.879730597404148e-43
340361,2.004758467821694e-18
340362,3.836747237333109e-100
340363,3.836747237333109e-100
340364,1.7965572246558183e-42
340365,1.1147037807868244e-111
340366,4.134713692632049e-68
340367,0.9976984667555315
340368,3.5246782018028118e-53
340369,7.963518759024334e-06
340370,1.0
340371,3.8625510114836574e-119
340372,1.0
340373,1.2232408745019223e-10
340374,1.7573753678659343e-46
340375,1.8510548227678475e-76
340376,5.514151592981325e-58
340377,4.528180447944774e-83
340378,1.5044100346254398e-17
340379,4.523911918310849e-43
340380,1.8186700269534854e-34
340381,1.7100121528153678e-31
340382,2.0669740939630088e-75
340383,4.528180447944774e-83
340384,0.9999999999986358
340385,6.155324689875594e-121
340386,4.224437367195817e-60
340387,1.8114033619550432e-75
340388,1.651708489080249e-16
340389,5.715806665284404e-73
340390,6.472625221551632e-27
340391,1.7597830463915327e-22
340392,1.88134021755241e-30
340393,4.9807220164827255e-134
340394,7.548344653852695e-33
340395,4.9807220164827255e-134
340396,6.518989668182385e-115
340397,2.38413858202516e-66
340398,1.0
340399,0.2231553873450286
340400,5.514151592981325e-58
340401,3.592964125440585e-85
340402,1.6148378556244382e-83
340403,2.4287014597201386e-36
340404,3.396287325607282e-53
340405,6.912092937650319e-34
340406,2.016545511467272e-64
340407,1.8588265889213094e-55
340408,0.9999999998940439
340409,4.84368321803717e-75
340410,7.559473646396802e-58
340411,7.63421483525875e-70
340412,1.5114233425954878e-62
340413,3.731222574921343e-49
340414,1.6791071089707008e-57
340415,4.468867652519005e-47
340416,5.689464814644978e-31
340417,8.198811989309602e-38
340418,5.364200689412671e-34
340419,4.0878015420389964e-103
340420,6.140059344159271e-64
340421,7.173899567945489e-107
340422,3.992158281820513e-49
340423,8.062517854316917e-55
340424,1.0
340425,4.0411789094155754e-44
340426,3.6015427509244e-94
340427,1.999045865243131e-25
340428,2.0272443163158435e-31
340429,6.346011092983826e-27
340430,9.50464533613916e-91
340431,6.144883533893673e-93
340432,8.627363927534775e-69
340433,1.0
340434,2.0524046420984678e-13
340435,3.0641249264381725e-23
340436,7.337321865294847e-62
340437,2.081481149241928e-52
340438,6.963628121134655e-42
340439,3.762897250676403e-51
340440,1.5638158668588895e-136
340441,3.594789280211156e-43
340442,4.327822185952829e-28
340443,1.3768648703783096e-48
340444,2.8931635115267925e-76
340445,8.571120933489795e-106
340446,1.4898060154612795e-27
340447,3.156555514033938e-27
340448,1.9933055169769013e-51
340449,6.230530787945262e-17
340450,7.514485516200498e-36
340451,7.636832388143377e-41
340452,1.2804156164600802e-84
340453,2.1505925651452248e-42
340454,2.1505925651452248e-42
340455,1.3387857128681316e-41
340456,1.2058490382522026e-44
340457,8.571120933489795e-106
340458,0.577120360918725
340459,1.427168092833043e-48
340460,8.347810146340167e-55
340461,8.805565952746184e-57
340462,7.683747571896862e-29
340463,5.98646890633424e-94
340464,2.994730661729649e-34
340465,2.994730661729649e-34
340466,2.804229582223096e-48
340467,1.936610795541072e-41
340468,6.605475375601589e-89
340469,2.307137276163275e-75
340470,2.9443100355529764e-47
340471,1.5146307094210294e-114
340472,2.067549905877614e-64
340473,2.067549905877614e-64
340474,4.623079020661535e-56
340475,5.006174305708887e-12
340476,1.0
340477,8.753327677757464e-30
340478,1.187393919561852e-54
340479,4.111751485985652e-30
340480,5.764933687329918e-44
340481,8.244175921744075e-29
340482,6.186120527800326e-14
340483,1.0
340484,4.8464837303118064e-14
340485,3.1844254998259067e-71
340486,0.06380609044813737
340487,1.0
340488,1.0
340489,9.747760303640993e-38
340490,1.148038509782308e-34
340491,1.0
340492,1.567526947877278e-51
340493,5.006174305708887e-12
340494,4.52713533884825e-37
340495,4.3880963095208905e-17
340496,4.3880963095208905e-17
340497,1.0032458321531932e-92
340498,1.0032458321531932e-92
340499,7.75164838472338e-38
340500,3.7225125956664437e-96
340501,1.836126796875198e-91
340502,5.8156185678246185e-19
340503,5.434842909882333e-28
340504,2.171713784224493e-52
340505,4.736978176459444e-72
340506,2.4920896095354265e-52
340507,4.2159843665057877e-75
340508,2.769262338730967e-58
340509,2.86717399010871e-30
340510,8.569477943507582e-53
340511,1.3704420824716923e-49
340512,1.650642889469048e-92
340513,1.242806862197795e-58
340514,1.1409306821042512e-60
340515,3.455006409146391e-43
340516,1.950358590158355e-38
340517,1.5758983219278425e-29
340518,9.071496960838358e-68
340519,0.006121604141925796
340520,1.1702599434469987e-54
340521,4.094389145624456e-42
340522,3.7850505872654216e-35
340523,3.8478972116957106e-31
340524,1.043259886331056e-53
340525,2.35133293666523e-93
340526,3.943848409505254e-39
340527,2.4149828481761836e-58
340528,3.836876246592697e-07
340529,0.039699193804849944
340530,0.999990980137661
340531,1.0
340532,4.133086521604428e-41
340533,0.09539059347520105
340534,0.9999999999992042
340535,5.928626837916998e-31
340536,0.9911954042618832
340537,0.9999999855463102
340538,1.0
340539,2.5750217371661852e-12
340540,2.525631319319153e-56
340541,0.9999999999388365
340542,1.0
340543,6.720400038238496e-42
340544,6.720400038238496e-42
340545,1.0
340546,1.0
340547,1.0
340548,0.0043196131793457075
340549,6.524444479546964e-62
340550,1.0
340551,1.0957962186935359e-65
340552,0.9999999997968132
340553,7.82727665286809e-110
340554,0.9999430186388113
340555,1.0
340556,1.2536656828887954e-57
340557,0.9859413661505453
340558,2.1199071460118927e-52
340559,1.0
340560,7.487121082860074e-50
340561,7.549053299574206e-31
340562,1.0
340563,0.999990980137661
340564,0.0007360392192050643
340565,0.9999999999972715
340566,0.9999999999133706
340567,1.0
340568,0.9999999999972715
340569,2.5563824810073643e-108
340570,5.189052515166522e-37
340571,1.1632799664721134e-16
340572,1.383244913050971e-91
340573,1.0
340574,0.00011455497111795015
340575,1.009796906182389e-25
340576,1.0883409567150575e-18
340577,1.0
340578,0.99999999892799
340579,2.4149828481761836e-58
340580,8.224565169756635e-117
340581,0.9999999989915977
340582,0.9999999989915977
340583,5.702457987067465e-21
340584,1.0
340585,1.0
340586,1.0
340587,0.10851010729750264
340588,0.9982938266817988
340589,3.6365723206053886e-36
340590,2.320153254653062e-16
340591,4.1598465188888306e-41
340592,1.8649892883908753e-25
340593,8.197627351383257e-18
340594,1.0
340595,5.1002950647420665e-31
340596,1.0
340597,4.1582194710549215e-16
340598,1.3565628150623569e-08
340599,1.3612553061914675e-07
340600,1.547299602686923e-10
340601,5.058463158031141e-39
340602,1.0
340603,1.3954606754081956e-40
340604,1.3768648703783096e-48
340605,3.9170064821606295e-08
340606,1.1031075311155643e-21
340607,3.97608541128617e-93
340608,1.658260065622548e-36
340609,1.3634587032877663e-48
340610,0.30146617208097154
340611,1.7476531228218625e-29
340612,4.9921718942771275e-05
340613,0.17380831977815164
340614,0.010232513235118422
340615,0.0005938809482367146
340616,3.3729677763221087e-18
340617,6.92319975378501e-45
340618,5.1845209168011125e-73
340619,0.9998417383899708
340620,7.80786640595949e-93
340621,7.53767592660863e-67
340622,1.6316474163461432e-29
340623,1.0
340624,1.0
340625,1.722663068929792e-62
340626,0.8853390987832673
340627,5.005292844318036e-109
340628,1.821337040072774e-44
340629,1.0
340630,0.003570231794004476
340631,1.3291980530697713e-19
340632,8.632553710996322e-78
340633,1.0256271342714448e-34
340634,5.9835956121780116e-05
340635,1.0
340636,2.1549971673635778e-23
340637,1.5287991236316657e-37
340638,6.123431602916482e-62
340639,3.856841269265284e-34
340640,1.0007922975516498e-29
340641,1.3073507170273098e-59
340642,1.4500056070080289e-30
340643,7.448946080482846e-85
340644,5.925373491577081e-81
340645,2.2931050585148355e-53
340646,2.5920722882693444e-24
340647,3.394918259482035e-16
340648,5.754130740252483e-41
340649,1.0
340650,1.2472843688323086e-65
340651,3.353359810004455e-38
340652,2.0927730175251373e-50
340653,3.213933985005567e-75
340654,6.967882439910213e-27
340655,3.213933985005567e-75
340656,3.213933985005567e-75
340657,1.9514520246625814e-78
340658,3.05166428158097e-50
340659,7.475883140158929e-69
340660,3.6572988249203795e-80
340661,2.046405861527218e-12
340662,1.55105867470031e-05
340663,1.4392717045181898e-08
340664,0.9998598952603068
340665,6.806931887287774e-51
340666,1.7731189046205227e-22
340667,4.5355743675251603e-23
340668,6.5851507856180335e-52
340669,4.958132552150108e-53
340670,4.958132552150108e-53
340671,1.7192928839851616e-40
340672,2.6897302709876173e-24
340673,6.587814609009895e-28
340674,0.999996382724424
340675,8.599941829311378e-129
340676,1.0
340677,2.8036912504107934e-26
340678,9.697670957532805e-83
340679,1.6963274506117953e-53
340680,7.514570864812365e-31
340681,6.113758347292207e-54
340682,1.0
340683,5.9835956121780116e-05
340684,1.5268071794958788e-53
340685,7.466300580443097e-78
340686,3.9342433949953777e-56
340687,9.611081481303582e-73
340688,3.782529777251175e-49
340689,3.213933985005567e-75
340690,5.964096207250194e-35
340691,0.04007860121505867
340692,9.56043267869532e-54
340693,4.958132552150108e-53
340694,3.315914730781329e-61
340695,1.0
340696,1.0
340697,2.523508635937847e-21
340698,8.66314422697536e-55
340699,4.541263538239837e-80
340700,2.708105970883598e-52
340701,1.0
340702,1.4336290376138075e-48
340703,1.856416784215351e-80
340704,7.91276045940269e-62
340705,5.481685966715192e-33
340706,1.0
340707,2.3967161975028362e-42
340708,1.0
340709,2.3552590803141e-41
340710,3.329210941463053e-51
340711,1.5983644867400198e-92
340712,1.4623566237724478e-47
340713,1.7686821783181206e-34
340714,3.8713029057691354e-16
340715,4.647379207064669e-52
340716,3.2232975718092444e-60
340717,6.5851507856180335e-52
340718,1.0
340719,1.0
340720,9.289665051706509e-71
340721,6.882580676654136e-56
340722,3.3018963944395326e-14
340723,1.4902072099278328e-15
340724,6.69209731598529e-68
340725,6.275513228887914e-32
340726,2.126869276688015e-16
340727,6.727479894364471e-93
340728,3.213933985005567e-75
340729,1.5842616165465282e-37
340730,2.0256468967558824e-53
340731,2.0889576484009032e-46
340732,1.0
340733,7.643908904783381e-55
340734,4.85211173154086e-47
340735,2.2710875614620037e-54
340736,1.3852640679375916e-22
340737,2.0214947423556205e-100
340738,4.5997539737823093e-54
340739,1.0
340740,5.669599773227146e-05
340741,2.2662234673098674e-47
340742,1.4062524032359925e-146
340743,1.0
340744,1.8012681309996482e-37
340745,1.0596613569112368e-27
340746,0.9999418370763171
340747,9.56043267869532e-54
340748,1.0
340749,1.0
340750,1.0
340751,3.213933985005567e-75
340752,1.2683040130226245e-30
340753,1.2683040130226245e-30
340754,5.629859776711967e-15
340755,8.95973016781037e-28
340756,9.67796557903033e-91
340757,1.8012681309996482e-37
340758,3.0782683149450957e-38
340759,1.2683040130226245e-30
340760,7.235998227155461e-116
340761,1.3572765346326485e-75
340762,1.3555534085582756e-18
340763,1.390739604196072e-91
340764,2.1220501732531734e-12
340765,3.180055548779821e-31
340766,1.0
340767,3.2997009173415807e-47
340768,2.0649518049401354e-23
340769,9.914579197090187e-26
340770,7.667243111370416e-27
340771,4.1253479490464e-81
340772,4.333205199626499e-68
340773,2.9504288493243283e-41
340774,1.2634175830670002e-45
340775,6.902204344857784e-118
340776,2.1953697614759536e-95
340777,2.1953697614759536e-95
340778,1.984073214237694e-27
340779,7.629997217669016e-63
340780,3.255284013124642e-69
340781,1.9173137502419875e-15
340782,2.182327684774797e-76
340783,2.6556877824760837e-24
340784,1.0417786114360192e-78
340785,1.0417786114360192e-78
340786,2.481732302309616e-16
340787,2.314133625236401e-46
340788,2.0145695774762549e-13
340789,9.257691795712518e-28
340790,2.438316479369446e-46
340791,1.897789487061218e-63
340792,4.438554034629911e-23
340793,4.336053848642585e-51
340794,7.732177825679242e-24
340795,1.0
340796,7.445449919656893e-07
340797,2.1190742351199194e-27
340798,1.7050526684302447e-70
340799,2.430676334532399e-44
340800,1.802452068033599e-54
340801,9.618472578416327e-59
340802,6.03235552691095e-55
340803,3.8634657233417857e-150
340804,6.404993286980334e-09
340805,5.9830596239415076e-36
340806,1.4950682567392712e-13
340807,2.6527853056070727e-69
340808,2.4594436485607348e-51
340809,7.438403130240676e-45
340810,9.998582188048047e-46
340811,3.070475671353203e-37
340812,1.709459039881078e-08
340813,7.388514644880424e-33
340814,5.2433236089038154e-62
340815,6.404993286980334e-09
340816,9.941361811049466e-41
340817,9.297729495806506e-46
340818,1.0
340819,7.667243111370416e-27
340820,3.2078875014098853e-52
340821,2.926142151651945e-39
340822,1.6352842335122176e-49
340823,9.633841284368833e-124
340824,5.560198087907982e-28
340825,1.0
340826,7.438403130240676e-45
340827,3.7072659866391533e-91
340828,1.748116517499482e-122
340829,1.7362501574868469e-85
340830,3.499601582794142e-13
340831,2.7961946482026294e-13
340832,4.804715202494738e-61
340833,0.9999999974756975
340834,1.026257360365157e-69
340835,1.348281180450143e-36
340836,8.003779954182355e-24
340837,3.1265014965035146e-55
340838,1.0842935428790716e-41
340839,1.0
340840,2.3086084146418005e-42
340841,9.548344751863661e-45
340842,0.993272320994741
340843,1.1405728180141529e-31
340844,1.1379865237823834e-69
340845,2.3086084146418005e-42
340846,1.1379865237823834e-69
340847,1.1379865237823834e-69
340848,1.0
340849,1.513767590579559e-09
340850,2.9109298652151704e-49
340851,0.9990559655784566
340852,4.534871829411263e-49
340853,5.219270925857028e-52
340854,4.374940683339546e-17
340855,1.109703583202359e-22
340856,1.0
340857,2.6904490814373028e-24
340858,1.931849354311126e-54
340859,1.407160944796262e-54
340860,1.4293924857964222e-41
340861,3.290701524974014e-72
340862,8.76716815701055e-33
340863,5.359657559054849e-85
340864,1.7417063711528967e-18
340865,2.1188930142853325e-50
340866,0.9999999999982947
340867,1.413281411658178e-06
340868,1.0
340869,2.670670481459859e-47
340870,1.2824217846614192e-46
340871,2.2639619072597982e-73
340872,1.436640086796492e-67
340873,1.3911387781715501e-123
340874,1.968564049154592e-96
340875,3.192666234915222e-44
340876,1.2798528439071262e-62
340877,3.771274028267601e-54
340878,1.0
340879,1.1030249246048494e-37
340880,1.0567608018381444e-51
340881,1.459888318563168e-45
340882,2.543066475124226e-46
340883,5.972450239154048e-63
340884,4.598027374605895e-63
340885,0.9999999999988631
340886,6.7243253105805165e-19
340887,2.878016274947686e-44
340888,5.473359863347171e-51
340889,8.600966691160652e-33
340890,1.7322370984946784e-25
340891,6.08283439752368e-28
340892,1.0
340893,1.968564049154592e-96
340894,3.255626545518551e-59
340895,1.6398958267328846e-46
340896,3.987531066113413e-80
340897,1.0
340898,1.0
340899,6.994710636745978e-44
340900,6.994710636745978e-44
340901,1.0
340902,5.9835956121780116e-05
340903,3.3698540206349948e-37
340904,1.0036500740176155e-66
340905,3.4208783250510576e-100
340906,0.03717113715311261
340907,7.10646107365152e-27
340908,2.4253629662986133e-51
340909,0.5483285936967789
340910,6.244274461267309e-125
340911,7.350768889543182e-14
340912,1.0496749486649901e-164
340913,1.4088980981530374e-92
340914,0.8950989489188292
340915,1.0
340916,2.0215659606812784e-34
340917,4.556274699767325e-35
340918,9.481232353571963e-54
340919,5.4268651583405766e-67
340920,1.0
340921,1.0
340922,1.434644977016313e-27
340923,1.4192212756308891e-31
340924,1.0
340925,1.0
340926,8.571653902044975e-06
340927,4.417610096848864e-115
340928,4.7550769555461664e-23
340929,8.271931775825902e-37
340930,1.0
340931,1.1523205802862977e-70
340932,2.0989392405912525e-62
340933,3.180055548779821e-31
340934,3.2078418556632766e-21
340935,3.771442601872576e-37
340936,1.57095125595528e-38
340937,2.7311733876942972e-45
340938,1.1302195589326003e-18
340939,1.0
340940,9.89549219990943e-28
340941,8.571653902044975e-06
340942,1.606769441385039e-24
340943,1.8144809646815248e-54
340944,5.2130945596828705e-27
340945,1.2567683608202349e-90
340946,1.0
340947,6.727405294173176e-59
340948,7.278309369344827e-50
340949,1.0
340950,6.298277201089253e-93
340951,1.3685753254279331e-45
340952,2.1889753472606943e-52
340953,1.0
340954,1.0
340955,2.52372315936652e-83
340956,1.0
340957,2.332317665306752e-35
340958,1.4686509670119613e-08
340959,1.4686509670119613e-08
340960,1.199720111155755e-38
340961,2.327588683219914e-90
340962,1.0
340963,7.239395191575271e-75
340964,2.5082212037444316e-21
340965,4.703181125402973e-23
340966,1.2626870675753653e-95
340967,1.6606272337472087e-37
340968,1.8009311680117397e-73
340969,1.0
340970,1.643204051937826e-111
340971,1.0
340972,2.1789964868477806e-57
340973,1.0
340974,1.4785824465937919e-90
340975,1.0
340976,9.994453423388652e-29
340977,6.2154831819661045e-06
340978,3.0082781275667625e-46
340979,1.1366881907115025e-53
340980,3.7197465331715125e-51
340981,6.242627201555392e-60
340982,3.9038436944651376e-17
340983,1.1483259946678845e-54
340984,0.0008151972513349595
340985,1.3827677917399506e-56
340986,4.981975813681832e-109
340987,1.1569241481955093e-54
340988,2.7195185500412e-34
340989,2.3400115878777243e-68
340990,1.0
340991,4.085129783544819e-115
340992,1.0645660187815851e-19
340993,9.943906155373313e-127
340994,0.5751563333789341
340995,2.199963770929536e-75
340996,1.0
340997,1.0973385226143303e-124
340998,5.755517516870297e-87
340999,1.0
341000,2.4323048447905702e-09
341001,2.761257994816049e-20
341002,1.0
341003,2.7571417736832775e-42
341004,2.0330150955680546e-53
341005,1.543940912642342e-45
341006,3.174460036962646e-45
341007,1.3492250366982143e-14
341008,8.775931371567402e-43
341009,0.1188977227106463
341010,1.921138262874948e-95
341011,2.1627341586346184e-82
341012,2.0488049140045363e-75
341013,6.463508924450771e-57
341014,7.278309369344827e-50
341015,7.990681208654242e-49
341016,8.673564576898102e-73
341017,5.547530886296689e-36
341018,1.0757836724836878e-33
341019,5.375777198097202e-35
341020,9.371790734530916e-16
341021,7.388514644880424e-33
341022,1.2488931684230222e-73
341023,2.4071526953221462e-42
341024,5.375777198097202e-35
341025,3.4768636753995815e-14
341026,2.4045478023602635e-52
341027,1.0
341028,2.0297142783929105e-46
341029,9.061894540293384e-52
341030,1.338010284153764e-41
341031,2.0989392405912525e-62
341032,1.9724113910237277e-34
341033,1.1218588194964981e-39
341034,5.547530886296689e-36
341035,9.483670192222297e-51
341036,2.0285844503855126e-38
341037,5.2486468538037764e-79
341038,5.2486468538037764e-79
341039,1.664068703337127e-50
341040,2.415630290943608e-41
341041,2.6801736493681725e-28
341042,2.846695283901119e-55
341043,0.9999999985233217
341044,1.0
341045,1.0888792665523677e-90
341046,1.0
341047,8.123901635889023e-40
341048,0.11232692833936034
341049,1.5853743755545973e-31
341050,1.7529539427951223e-30
341051,1.3566813635135999e-92
341052,5.5027465378233325e-21
341053,1.0
341054,1.098959701305677e-31
341055,1.3397778485154145e-49
341056,7.947092170484837e-24
341057,5.0159857876086396e-36
341058,5.694551667306546e-59
341059,1.2683040130226245e-30
341060,1.0
341061,6.271979668828474e-43
341062,1.917325706905127e-99
341063,1.0
341064,4.1883853632154405e-29
341065,3.778920453299585e-33
341066,1.7329455770019672e-28
341067,7.374845256363514e-36
341068,1.0
341069,5.930414971356583e-16
341070,5.92630023795265e-54
341071,2.234083241008887e-52
341072,2.784290336476438e-42
341073,1.0
341074,2.266321760965727e-27
341075,3.367768176805938e-107
341076,1.8733476852396735e-28
341077,4.607237410212292e-34
341078,1.0
341079,3.7325520403652136e-25
341080,1.0
341081,3.3441967929751106e-17
341082,5.088985813376587e-60
341083,1.2257304401389622e-51
341084,2.0069039104050993e-34
341085,1.2086532583645006e-55
341086,1.0
341087,3.394918259482035e-16
341088,6.213663729502449e-26
341089,2.167633016281358e-71
341090,5.545250572753762e-31
341091,6.846956211689274e-46
341092,1.300176801580859e-28
341093,1.618883046552524e-63
341094,4.0898284897081475e-07
341095,2.6453693299927878e-33
341096,1.544213293608578e-28
341097,1.0084021574980444e-69
341098,1.0479364554095911e-36
341099,8.129904288420315e-53
341100,4.994818271179188e-59
341101,3.9999786310564724e-26
341102,2.1567594269168075e-97
341103,1.0
341104,2.156466259408763e-52
341105,9.56043267869532e-54
341106,1.3655754711639053e-51
341107,2.084562999772242e-65
341108,6.862630964543163e-64
341109,1.5783031936215236e-70
341110,6.60591689848535e-67
341111,1.0
341112,3.987531066113413e-80
341113,8.517477495360013e-52
341114,6.397635846746901e-59
341115,5.275550668304874e-21
341116,6.782874768535495e-47
341117,4.150902313269979e-25
341118,4.000205262414793e-91
341119,7.906505601188893e-46
341120,6.594882244338805e-93
341121,1.7308827978838613e-52
341122,4.0671806631206203e-47
341123,5.710299133338609e-20
341124,4.431408909095589e-69
341125,1.6659249411306123e-76
341126,4.645621820552568e-47
341127,1.8559228239014556e-35
341128,1.4329522086329998e-86
341129,1.5843608577849405e-67
341130,3.6872049255170743e-22
341131,7.426418236125147e-13
341132,9.56043267869532e-54
341133,3.986689651852973e-110
341134,1.5021085703166502e-11
341135,3.986689651852973e-110
341136,9.56043267869532e-54
341137,1.1516150829110275e-61
341138,2.3550796996071297e-47
341139,6.011354966095009e-67
341140,6.1697820240357784e-40
341141,3.0936434554463814e-24
341142,7.367554807526961e-87
341143,4.891070468452806e-78
341144,3.3384628314979874e-57
341145,1.1891200252338567e-114
341146,1.0973372283576889e-34
341147,2.5409855183035238e-31
341148,2.0320818478231144e-53
341149,4.385257446158486e-129
341150,3.643411753841564e-146
341151,2.5724822077248807e-07
341152,1.0811694555747246e-35
341153,1.1869868907746367e-70
341154,1.839721970018083e-29
341155,9.082001668200362e-129
341156,7.012367569445291e-29
341157,3.85878470926153e-65
341158,1.4046605449404455e-52
341159,6.315916470639879e-93
341160,1.0798773037558201e-30
341161,3.7449514024225104e-33
341162,1.587426387868065e-27
341163,1.3907508021152557e-74
341164,4.92026472674973e-26
341165,1.1869868907746367e-70
341166,7.808915911369512e-70
341167,1.669828987056718e-78
341168,6.137477190255926e-42
341169,2.2245716336577353e-41
341170,7.756344646259612e-53
341171,0.0006074269504369206
341172,3.1978353126787855e-65
341173,2.3739623219300175e-55
341174,6.0058328556494176e-40
341175,2.6607784227292566e-59
341176,5.330416085603547e-06
341177,1.4254689212604386e-47
341178,2.2452450182509786e-07
341179,3.834329889236718e-27
341180,8.331071886838983e-30
341181,2.9628840699787244e-31
341182,1.8636203522008394e-38
341183,4.5302469995992446e-77
341184,2.4173438538261416e-52
341185,2.9628840699787244e-31
341186,2.8449548660250577e-24
341187,1.4165459727833929e-49
341188,9.082001668200362e-129
341189,1.2778396770707468e-116
341190,1.6111641916585908e-46
341191,5.084378098515061e-26
341192,1.0472443740588398e-63
341193,2.704811836846027e-60
341194,3.5356357777195035e-42
341195,1.8379709030804847e-120
341196,4.556274699767325e-35
341197,3.261255431149779e-49
341198,9.631303252363394e-39
341199,6.985160992806363e-74
341200,2.163020933793001e-41
341201,4.932528917395018e-72
341202,6.226011983265713e-41
341203,1.5940926292385067e-98
341204,8.185570890998263e-22
341205,7.371145576993157e-30
341206,2.3519358365676963e-59
341207,4.056963881802764e-41
341208,2.6005567341561725e-81
341209,1.0312049725556451e-11
341210,1.2435082514479074e-43
341211,8.005911029476819e-76
341212,1.9608276290885904e-61
341213,3.2093792602868465e-73
341214,8.48639581475959e-95
341215,7.771697585834931e-45
341216,3.213933985005567e-75
341217,5.202047440743997e-59
341218,5.541584265104075e-17
341219,6.237400013490983e-127
341220,3.592603333815199e-78
341221,4.963701862119174e-41
341222,9.643965844526689e-37
341223,5.0560411584508655e-15
341224,9.643965844526689e-37
341225,7.342059050598015e-41
341226,2.4917476947797195e-56
341227,4.642754455690493e-18
341228,2.838901356566057e-41
341229,7.430753548639105e-54
341230,2.0113122113372127e-49
341231,6.462125436139378e-46
341232,2.63761313790272e-22
341233,5.084378098515061e-26
341234,2.54562611465435e-38
341235,1.0
341236,0.721843574672588
341237,3.3435441693250535e-56
341238,3.4654086798788337e-57
341239,1.0
341240,2.517046677830158e-56
341241,3.3101340437176873e-57
341242,3.8663066420386453e-56
341243,8.36588814907533e-55
341244,3.356398645232603e-56
341245,1.0
341246,5.154843312208704e-55
341247,2.816397926776273e-54
341248,3.4655652726220447e-43
341249,7.423382263787621e-30
341250,1.5202029175782924e-113
341251,1.2420981670132141e-56
341252,8.270255169240293e-27
341253,6.608149083390766e-118
341254,0.9999999982138661
341255,1.0
341256,9.807362872823328e-56
341257,1.0
341258,0.9962003657577327
341259,5.318968989868307e-58
341260,5.088463697527031e-54
341261,0.999999999998181
341262,8.180458380925479e-54
341263,4.230271293287278e-70
341264,4.230271293287278e-70
341265,1.0
341266,6.518026671238044e-35
341267,1.0825869630895139e-57
341268,2.764373015465111e-59
341269,4.6608961592471724e-66
341270,1.0633453683819612e-56
341271,0.9977851193004345
341272,9.484012749284005e-104
341273,5.42974229214422e-57
341274,1.2630690184495583e-63
341275,3.831188022696051e-55
341276,2.991758528084658e-57
341277,7.962364700551138e-117
341278,1.0899006796580577e-118
341279,0.9732831108330028
341280,5.356746639885195e-08
341281,1.2148206311890171e-65
341282,0.9962003657577327
341283,1.0
341284,8.603964089555465e-92
341285,4.659200457496621e-51
341286,4.609565340233378e-100
341287,0.9397372340456768
341288,5.99894257162085e-64
341289,9.339760426503764e-131
341290,1.5982564521980613e-58
341291,3.6785527921290294e-92
341292,8.148957355888053e-57
341293,7.052422985622636e-62
341294,5.473792496950528e-65
341295,6.974758190703765e-38
341296,4.978375273003223e-54
341297,6.7242842095327585e-46
341298,6.7242842095327585e-46
341299,3.935691485578508e-20
341300,0.000502064727946254
341301,3.66249490105886e-30
341302,6.825197755415975e-54
341303,2.5598277213786757e-29
341304,6.7206727069214e-65
341305,7.303853523522794e-59
341306,3.163138827628848e-57
341307,0.9938773247588001
341308,9.958079170416916e-62
341309,4.9647127554123085e-135
341310,3.750775254264432e-58
341311,3.3895991965936154e-35
341312,1.5656326843740947e-36
341313,2.828376013002263e-06
341314,6.042311035896821e-113
341315,5.23316582197067e-108
341316,5.23316582197067e-108
341317,1.0
341318,2.862162026481733e-61
341319,5.794879106485628e-108
341320,1.0
341321,5.5980223301260085e-71
341322,1.745659866657209e-94
341323,4.289175883720773e-37
341324,1.1016594476654059e-36
341325,4.609565340233378e-100
341326,1.2044051947997847e-57
341327,1.8413353153199186e-57
341328,2.816397926776273e-54
341329,6.120303834600688e-60
341330,5.90159015170437e-59
341331,5.293354587659617e-69
341332,1.870914999498252e-61
341333,9.807362872823328e-56
341334,1.0
341335,7.864255039892893e-10
341336,6.16611645613822e-07
341337,4.558676370609124e-26
341338,3.9505959937096924e-13
341339,1.1700056257343369e-48
341340,1.0
341341,4.9134816055310175e-30
341342,2.8141345125336822e-15
341343,0.9999999339027021
341344,7.342601242919845e-18
341345,9.8125394880479e-46
341346,0.9634638901609357
341347,0.9999880921004535
341348,3.295744611621835e-17
341349,1.0
341350,0.9949728982077988
341351,1.5495192284036247e-09
341352,0.7937542279578831
341353,1.477434661409238e-22
341354,1.417913596170069e-08
341355,0.9999997679958865
341356,0.9999999855443775
341357,8.16502027799196e-51
341358,1.0
341359,0.07387638968379057
341360,1.7883035860116557e-29
341361,1.6262311638511421e-25
341362,3.841357031175736e-20
341363,1.0
341364,0.9999902384105425
341365,1.0
341366,1.144808768877322e-11
341367,0.8004401030474108
341368,1.0
341369,2.6016571148427064e-07
341370,7.864255039892893e-10
341371,4.195066078220095e-16
341372,0.9999999999992042
341373,1.0455305893459504e-44
341374,0.9994373158398631
341375,7.111071002016942e-19
341376,2.6383886807295682e-27
341377,2.6383886807295682e-27
341378,1.3821501285581872e-14
341379,0.7614598484817398
341380,1.8260477992585298e-110
341381,0.9708987314054309
341382,4.719861072778753e-44
341383,0.9999999985778913
341384,0.9999999999245119
341385,0.8336174568508099
341386,1.285157979618506e-24
341387,2.3311636860756084e-94
341388,0.9999231973771809
341389,7.927730669585781e-110
341390,5.647779921186664e-53
341391,0.7023948600002977
341392,0.9999997551798019
341393,5.998436454361263e-36
341394,9.84957094931877e-69
341395,0.9857673704429474
341396,1.5238845986892508e-65
341397,9.481232353571963e-54
341398,3.0714259233311293e-54
341399,7.776338218903819e-65
341400,4.177038453808343e-50
341401,1.4975354072063921e-61
341402,1.1549235175612754e-51
341403,7.521416037252956e-10
341404,0.9996535100953099
341405,0.9977423287842929
341406,1.0854460006432949e-06
341407,0.999994956119666
341408,7.978567984007858e-18
341409,2.2006806985395413e-55
341410,2.428690435523854e-17
341411,0.999961954558289
341412,1.0
341413,1.3699970672296082e-17
341414,1.0
341415,1.2719461788465491e-14
341416,8.811536601015735e-59
341417,3.4634515811778865e-07
341418,1.2341906796627127e-18
341419,1.2341906796627127e-18
341420,1.0
341421,1.3699970672296082e-17
341422,0.9999999999973852
341423,0.9999999998981366
341424,4.397472272654049e-47
341425,2.2085115052987864e-57
341426,1.0
341427,4.7013126077780216e-20
341428,1.0
341429,0.6317571548788647
341430,3.6096488397788136e-10
341431,5.837923893287505e-44
341432,2.850156733850671e-42
341433,1.1096623995676359e-34
341434,3.1018736695923394e-05
341435,1.3175285401329392e-78
341436,1.8885420467754216e-68
341437,0.000385311672666781
341438,4.066615028910486e-55
341439,3.1799995723954326e-66
341440,7.427148864601954e-26
341441,8.089912650607077e-21
341442,5.171795185221001e-18
341443,3.986689651852973e-110
341444,5.044096224882949e-19
341445,2.319270128361483e-53
341446,7.258734785259923e-42
341447,6.2529527476864076e-24
341448,5.160354050948702e-31
341449,5.160354050948702e-31
341450,1.1379865237823834e-69
341451,1.7838742800869054e-13
341452,1.5408869040799084e-16
341453,4.5355743675251603e-23
341454,2.124582329580743e-40
341455,1.7414636014051385e-16
341456,1.2643784963032875e-27
341457,7.118423656784358e-42
341458,1.0
341459,1.0680385716540607e-90
341460,1.967318958563015e-53
341461,7.52965552941024e-72
341462,5.0800901438104895e-34
341463,4.5455869848070956e-36
341464,1.0
341465,9.373403620534357e-51
341466,1.0
341467,1.0
341468,2.3015562887050353e-90
341469,2.3015562887050353e-90
341470,2.3015562887050353e-90
341471,2.3015562887050353e-90
341472,1.0
341473,9.199858778839015e-37
341474,1.0
341475,1.3099920818153636e-32
341476,1.0
341477,3.657212572605376e-07
341478,5.548744932069874e-91
341479,1.6260962243471715e-15
341480,1.0220081208676673e-42
341481,2.0483178181217602e-52
341482,2.116058123656697e-32
341483,6.316687434371102e-30
341484,1.8891224357028035e-62
341485,2.2710114342820614e-76
341486,9.082001668200362e-129
341487,4.1018506195597384e-70
341488,3.392676796019057e-30
341489,9.39765488760772e-55
341490,7.371460599425596e-28
341491,9.89638410699678e-31
341492,5.495234084934343e-46
341493,4.2208379008568615e-43
341494,1.8200481569611897e-52
341495,3.762897250676403e-51
341496,4.524753914237151e-78
341497,1.658648516308369e-31
341498,2.4293650072823056e-51
341499,2.0737567306324022e-48
341500,1.0049461998481365e-78
341501,2.884776822820904e-43
341502,1.936617293780482e-34
341503,4.764605076959012e-32
341504,5.582693624003341e-72
341505,4.94454729412918e-80
341506,1.2505203643480273e-40
341507,3.8636879142993136e-122
341508,7.217076062823729e-42
341509,2.695244931743029e-38
341510,0.036742754307395716
341511,2.437539379876637e-125
341512,2.437539379876637e-125
341513,7.919227563996629e-47
341514,1.7811008941172714e-58
341515,4.765152240221225e-47
341516,0.9999999993085567
341517,4.254904529306296e-41
341518,5.639441150175402e-72
341519,7.38426979361715e-44
341520,8.93852197767515e-87
341521,2.344738863894691e-53
341522,9.771068674658012e-49
341523,1.5893906507442793e-37
341524,3.1343113777115233e-50
341525,3.580962482232302e-51
341526,8.424688175387781e-47
341527,1.0
341528,1.898060394454598e-80
341529,2.9688786060982616e-42
341530,1.3820933659403467e-40
341531,1.0
341532,5.68216649700652e-74
341533,1.0292718459373484e-74
341534,1.0
341535,3.603217103721868e-79
341536,1.0
341537,4.85516885268664e-48
341538,1.7923788257091178e-40
341539,1.0
341540,9.770154272901323e-16
341541,1.0
341542,1.0
341543,6.913086376434281e-53
341544,2.9638705539985586e-98
341545,1.0
341546,3.499496411998663e-22
341547,2.441103241181217e-62
341548,2.2348400625748327e-60
341549,1.0
341550,1.0
341551,1.0
341552,3.299149378463944e-18
341553,7.962244969137979e-49
341554,2.3688945597570978e-11
341555,4.1926163858739796e-49
341556,1.0
341557,1.0
341558,1.263042145736329e-148
341559,4.6979692167119416e-70
341560,1.1384469285781966e-103
341561,3.1097746278041275e-56
341562,3.549885532842201e-05
341563,1.0
341564,9.687929514815e-93
341565,1.1382617548183152e-79
341566,1.0
341567,1.0
341568,2.889778958028494e-08
341569,5.198003284182144e-69
341570,7.329734496509842e-78
341571,7.708892981783103e-57
341572,1.881994268548462e-81
341573,1.238500210428384e-80
341574,1.0
341575,8.429512769431654e-48
341576,5.362397077833615e-93
341577,2.0412773891663793e-35
341578,1.0444220212324132e-111
341579,1.0
341580,1.0
341581,1.0
341582,1.1627251665352111e-20
341583,3.2208565396015257e-32
341584,3.2208565396015257e-32
341585,5.315257600803785e-69
341586,1.3943430086000753e-122
341587,1.8128919960425404e-61
341588,9.956779539640804e-68
341589,1.6630920294207652e-66
341590,1.0
341591,1.0
341592,6.709699032207686e-13
341593,0.9970114230617763
341594,9.332110734850905e-43
341595,2.280877513300295e-113
341596,1.8825628940203746e-114
341597,3.1774683008678084e-79
341598,5.317986258328892e-46
341599,1.0
341600,4.257433379827867e-55
341601,3.1621068172301116e-56
341602,3.3401564358218078e-12
341603,6.029643441139173e-23
341604,1.061468251828769e-42
341605,1.061468251828769e-42
341606,1.0
341607,1.0
341608,0.9999999996631459
341609,1.0
341610,1.0
341611,1.0
341612,1.0
341613,3.423770614222101e-36
341614,3.423770614222101e-36
341615,4.473789274983585e-102
341616,3.6186741763450014e-56
341617,1.072023054229783e-122
341618,1.0
341619,5.28079195462806e-152
341620,0.9999999999965894
341621,1.66007305775296e-132
341622,1.427070861689865e-46
341623,1.5081380117406988e-34
341624,1.8604021993035103e-105
341625,2.5318398101876705e-16
